1725000000000,temp_core,41.250
1725000000000,temp_ambient,22.100
1725000000000,pressure,101.325
1725000000000,voltage_bus,28.05
1725000000000,current_bus,3.42
1725000000000,rpm,4800
1725000001000,temp_core,41.500
1725000001000,temp_ambient,22.150,suspect
1725000001000,pressure,101.300
1725000001000,voltage_bus,28.01
1725000001000,current_bus,3.51
1725000001000,rpm,4810
1725000002000,temp_core,42.100
1725000002000,temp_ambient,22.200
1725000002000,pressure,101.310
1725000002000,voltage_bus,27.98
1725000002000,current_bus,3.47
1725000002000,rpm,4795,fault

1725000003000,temp_core,141.000
1725000003000,humidity,45.0
172500000300x,temp_core,42.0
1725000003000,temp_core,forty-two
1725000003000,temp_core,42.3,broken
1725000003000,temp_core
1725000003000,temp_core,42.300
1725000003000,temp_ambient,22.250
1725000003000,pressure,101.290
1725000003000,voltage_bus,28.10
1725000003000,current_bus,3.40
1725000003000,rpm,4820
1725000004000,temp_core,42.900
1725000004000,temp_ambient,22.300
1725000004000,pressure,101.280
1725000004000,voltage_bus,28.07
1725000004000,current_bus,3.39
1725000004000,rpm,4830
